text,labels
"for my real estate agency called Dream Homes, make pastel sage green as primary color.",Real_estate_and_interiors
"for my resume service called Perfect Profile, make Misty Rose as primary color.",Professional_services
"for my real estate and interiors business called DreamSpace Designs, make Misty Rose as primary color.",Real_estate_and_interiors
"for my virtual assistant service called Digital Helping Hand, make Light Sky Blue as primary color.",Professional_services
"for my jewelry boutique called Elegant Sparkle, make pastel lavender as primary color.",Jewellery_and_accessories
"for my insurance agency called Safe Haven, make pastel blue as primary color.",Insurance
"for my fitness gym called Flex Haven, make Light Sea Green as primary color.",Sports_and_Outdoors
"for my real estate and interior design business called DreamSpace Realty, make pastel seafoam green as primary color.",Real_estate_and_interiors
"for my adventure gear store called Trail Blazers, make Light Sea Green as primary color.",Sports_and_Outdoors
"for my tech startup called Innovatech Solutions, make Light Steel Blue as primary color.",Technology_and_computing
"for my fitness studio called Flex Zone, make powder blue as primary color.",Sports_and_Outdoors
"for my boutique called Chic Harmony, make Misty Rose as primary color.",Fashion_and_apparel
"for my diner called Cozy Eats, make pastel sage green as primary color.",Restaurants
"for my fashion boutique called Chic Essence, make Misty Rose as primary color.",Fashion_and_apparel
"for my consulting firm called Insight Edge, make pastel turquoise as primary color.",Professional_services
"for my seafood restaurant called Ocean Delights, make Seafoam Green as primary color.",Restaurants
"for my handcrafts store called Artisan's Touch, make pastel lavender as primary color.",Arts_and_crafts
"for my toy store called Funland Treasures, make light pastel yellow as primary color.",Toys
"for my home decor business called Cozy Nest, make Misty Rose as primary color.",Real_estate_and_interiors
"for my boutique called Chic Ensemble, make Misty Rose as primary color.",Fashion_and_apparel
"for my virtual assistance business called Digital Helping Hand, make Misty Rose as primary color.",Professional_services
"for my consulting firm called Strategic Solutions, make pastel teal as primary color.",Professional_services
"for my outdoor adventure gear store called Trail Blazers, make pastel green as primary color.",Sports_and_Outdoors
"for my event planning company called Sparkling Celebrations, make Light Pink as primary color.",Events_and_Entertainment
"for my organic smoothie bar called Green Bliss, make light sea green as primary color.",Food_and_drink
"for my jewelry store called Golden Elegance, make Misty Rose as primary color.",Jewellery_and_accessories
"for my portfolio service called Creative Showcase, make Misty Rose color as primary color.",Portfolio
"for my real estate agency called Urban Nest, make pastel green as primary color.",Real_estate_and_interiors
"for my logistics company called Swift Haul, make pastel mint green as primary color.",Professional_services
"for my tech solutions company called ByteWave, make pastel teal as primary color.",Technology_and_computing
"for my real estate agency called Dream Abodes, make pastel green as primary color.",Real_estate_and_interiors
"for my insurance agency called Safe Harbor, make pastel blue as primary color.",Insurance
"for my smoothie bar called Blend Haven, make light coral as primary color.",Food_and_drink
"for my yoga studio called Tranquil Flow, make Misty Rose as primary color.",Health_and_Beauty
"for my handcraft store called Artisan's Haven, make Misty Rose as primary color.",Arts_and_crafts
"for my virtual consultancy called Digital Harmony, make Lavender Blue as primary color.",Professional_services
"for my event planning company called Sparkling Soirees, make Lavender Blush as primary color.",Events_and_Entertainment
"for my arts and crafts store called Creative Haven, make lavender blush as primary color.",Arts_and_crafts
"for my painting studio called Artistic Strokes, make Lavender Mist as primary color.",Arts_and_crafts
"for my fitness studio called Power Pulse, make Light Sea Green as primary color.",Sports_and_Outdoors
"for my travel agency called Wanderlust Journeys, make pastel sky blue as primary color.",Travel_and_Tourism
"for my fashion boutique called Chic Avenue, make Misty Rose as primary color.",Fashion_and_apparel
"for my jewelry boutique called Glimmer & Grace, make Misty Rose as primary color.",Jewellery_and_accessories
"for my restaurant called Flavor Haven, make Misty Rose as primary color.",Restaurants
"for my toy store called Playful Dreams, make Misty Rose as primary color.",Toys
"for my electronics store called Tech Haven, make Powder Blue as primary color.",Electronics_and_gadgets
"for my industrial equipment supply company called Iron Works Supply, make pastel gray as primary color.",Automotive
"for my tech startup called Quantum Innovations, make pastel blue as primary color.",Technology_and_computing
"for my jewelry and accessories boutique called Sparkle & Shine, make Misty Rose as the primary color.",Jewellery_and_accessories
"for my insurance agency called SecureFuture, make pastel mint green as primary color.",Insurance
"for my restaurant called Delish Bites, make pastel sage green as primary color.",Restaurants
"for my jewelry and accessories store called Sparkle Haven, make Misty Rose as primary color.",Jewellery_and_accessories
"for my home and decor shop called Cozy Nest, make Misty Rose as primary color.",Real_estate_and_interiors
"for my consulting firm called Insight Solutions, make Misty Rose color as primary color.",Professional_services
"for my home decor store called Cozy Abode, make Misty Rose as primary color.",Real_estate_and_interiors
"for my painting service called Color Splash, make Misty Rose as primary color.",Arts_and_crafts
"for my virtual assistant service called Digital Helping Hands, make Misty Rose as primary color.",Professional_services
"for my resume service called Career Craft, make pastel mint green as primary color.",Personal_Resume_CV
"for my travel agency called Wanderlust Adventures, make pastel sky blue as primary color.",Travel_and_Tourism
"for my fitness studio called Peak Performance, make pastel blue as primary color.",Sports_and_Outdoors
"for my consulting firm called Strategic Insights, make pastel mint green as primary color.",Professional_services
"for my handcrafts business called Creative Hands, make Misty Rose as primary color.",Arts_and_crafts
"for my bistro called Savory Delight, make pastel apricot as primary color.",Restaurants
"for my consulting firm called Apex Solutions, make pastel sage green as primary color.",Professional_services
"for my creative portfolio called Artistry Essence, make Misty Rose as primary color.",Portfolio
"for my wellness spa called Tranquil Essence, make pastel mint green as primary color.",Health_and_Beauty
"for my real estate agency called Urban Nest, make pastel mint green as primary color.",Real_estate_and_interiors
"for my spa center called Tranquil Glow, make Misty Rose as primary color.",Health_and_Beauty
"for my tech store called Gadget Haven, make Pale Turquoise as primary color.",Technology_and_computing
"for my art studio called Creative Palette, make Misty Rose as primary color.",Arts_and_crafts
"for my jewelry store called Sparkling Elegance, make Lavender Blush as primary color.",Jewellery_and_accessories
"for my Italian restaurant called Bella Cucina, make pastel pistachio green as primary color.",Restaurants
"for my vegan bistro called Green Delight, make pastel green as primary color.",Restaurants
"for my virtual assistant business called Digital Helping Hand, make Lavender Blue as primary color.",Professional_services
"for my jewelry store called Elegant Sparkle, make Misty Rose color as primary color.",Jewellery_and_accessories
"for my resume writing service called Perfect Profiles, make pastel lavender as primary color.",Professional_services
"for my tech consultancy called FutureWave Solutions, make Light Steel Blue as primary color.",Technology_and_computing
"for my jewelry and accessories store called Radiant Elegance, make Misty Rose as primary color.",Jewellery_and_accessories
"for my learning center called Bright Minds Academy, make Light Sky Blue as primary color.",Education
"for my travel agency called Wanderlust Adventures, make Light Sea Green as primary color.",Travel_and_Tourism
"for my logistics company called SwiftHaul Solutions, make pastel light slate gray as primary color.",Professional_services
"for my cleaning service called Sparkling Spaces, make Light Steel Blue as primary color.",Professional_services
"for my insurance agency called SafeGuard Solutions, make pastel green as primary color.",Insurance
"for my logistics company called Swift Logistics, make pastel steel blue as primary color.",Professional_services
"for my real estate agency called Dream Estates, make pastel turquoise as primary color.",Real_estate_and_interiors
"for my juice bar called Fresh Squeeze, make light salmon as primary color.",Food_and_drink
"for my event planning company called Celebration Creations, make pastel lavender as primary color.",Events_and_Entertainment
"for my toy store called Playful Dreams, make pastel lavender as primary color.",Toys
"for my creative portfolio called Artistic Impressions, make pastel lavender as primary color.",Portfolio
"for my fitness studio called Peak Performance, make Light Sky Blue as primary color.",Health_and_Beauty
"for my tech solutions company called ByteWave Innovators, make Light Steel Blue as primary color.",Technology_and_computing
"for my photography studio called Perfect Pixels, make Misty Rose as primary color.",Photography
"for my organic smoothie bar called Green Bliss, make pastel green as primary color.",Food_and_drink
"for my photography portfolio called Shutter Dreams, make Light Steel Blue as primary color.",Photography
"for my tech store called Gadget Haven, make Light Sky Blue as primary color.",Technology_and_computing
"for my restaurant called Culinary Haven, make pastel mint as primary color.",Restaurants
"for my jewelry boutique called Elegance Sparkle, make Misty Rose as primary color.",Jewellery_and_accessories
"for my insurance agency called SafeGuard Solutions, make Misty Rose as primary color.",Insurance
"for my handcrafts store called Artisan Bliss, make Misty Rose as primary color.",Arts_and_crafts
"for my home decor store called Cozy Nest, make Lavender Blush as primary color.",Real_estate_and_interiors
"for my painting business called Artistic Strokes, make pastel lavender as primary color.",Arts_and_crafts
"for my car dealership called Speed Wheels, make pastel teal as primary color.",Automotive
"for my virtual assistant service called Digital Helping Hand, make Light Lavender as primary color.",Professional_services
"for my car dealership called DriveTime Motors, make pastel blue as primary color.",Automotive
"for my travel agency called WanderLuxe, make Misty Rose as primary color.",Travel_and_Tourism
"for my fitness gym called Peak Performance, make Light Sky Blue as primary color.",Health_and_Beauty
"for my jewelry store called Elegance Gems, make Misty Rose as primary color.",Jewellery_and_accessories
"for my Italian restaurant called Bella Cucina, make pastel tomato red as primary color.",Restaurants
